{
  "ad_1757876911855": {
    "id": "ad_1757876911855",
    "type": "image",
    "title": "Internet ",
    "content": "🚀 *SUPER CONNECT* 🚀\r\nInternet de alta velocidade com *INSTALAÇÃO GRÁTIS*! \r\n\r\n📶 *NOSSOS PLANOS:*\r\n\r\n✅ *400MB* - R$ 75,00/mês\r\n✅ *500MB* - R$ 85,00/mês  \r\n✅ *600MB* - R$ 105,00/mês\r\n✅ *1GB* - R$ 155,00/mês\r\n\r\n🛡️ *GARANTIA TOTAL DO SEU PLANO!*\r\n🔧 Instalação 100% GRATUITA\r\n📡 Internet estável e rápida\r\n🎯 Melhor custo-benefício da região\r\n\r\n💬 *Entre em contato agora e garante já o seu!*\r\n📲 Não perca tempo, fique conectado!\r\n\r\n#SuperConnect #InternetRápida #InstalaçãoGrátis",
    "createdAt": "2025-09-14T19:08:31.855Z",
    "isActive": false,
    "imagePath": "/uploads/ad-1757876910976-90773738.jpg"
  },
  "ad_1757877705091": {
    "id": "ad_1757877705091",
    "type": "image",
    "title": "IP TV ",
    "content": "🚨 *PROMOÇÃO RELÂMPAGO* ⚡️\r\n\r\n🎬 *MÊS DO CLIENTE UpTvnet* 🔥\r\n\r\n---\r\n\r\n💥 *PARE DE PAGAR CARO!* 💥  \r\n*TODO CONTEÚDO PREMIUM em UM SÓ APP!*\r\n\r\n---\r\n\r\n📺 **O QUE VOCÊ VAI TER:**  \r\n🔥 SKY  \r\n🔥 NETFLIX  \r\n🔥 PRIME VIDEO  \r\n🔥 HBO MAX  \r\n🔥 GLOBOPLAY  \r\n🔥 E MUITO MAIS!\r\n\r\n---\r\n\r\n💸 *PREÇO PROMOCIONAL:*  \r\n*SÓ R$ 25/MÊS* *(outros cobram R$ 200+)*\r\n\r\n---\r\n\r\n⚡️ *SEUS BENEFÍCIOS:*  \r\n✅ Funciona em TODOS os dispositivos  \r\n✅ ZERO travamentos  \r\n✅ Suporte VIP 24h  \r\n✅ Instalação 100% GRÁTIS  \r\n\r\n---\r\n\r\n📱 *DISPOSITIVOS COMPATÍVEIS:*  \r\nSmart TV | Celular | Notebook | Xbox | TV Box\r\n\r\n---\r\n\r\n🎯 *ÚLTIMAS VAGAS DISPONÍVEIS!*  \r\n⏰ *OFERTA POR TEMPO LIMITADO!*\r\n\r\n---\r\n\r\n👇 *GARANTA JÁ A SUA!* 👇  \r\n\r\n📲 https://wa.me/5582998316551  \r\n*Digite \"A\" para saber mais!*\r\n\r\n---\r\n\r\n*🚀 UpTvnet - Economia + Qualidade! 🚀*",
    "createdAt": "2025-09-14T19:21:45.092Z",
    "isActive": true,
    "imagePath": "/uploads/ad-1757877703897-703094187.jpg"
  }
}