{
  "120363418452184545@g.us": {
    "id": "120363418452184545@g.us",
    "name": "Códigos ",
    "participants": 2,
    "description": "",
    "selected": false,
    "lastUpdated": "2025-09-14T18:49:28.962Z"
  },
  "120363396733103646@g.us": {
    "id": "120363396733103646@g.us",
    "name": "ADS. VENDAS ",
    "participants": 2,
    "description": "",
    "selected": false,
    "lastUpdated": "2025-09-14T18:49:28.962Z"
  },
  "120363192671553263@g.us": {
    "id": "120363192671553263@g.us",
    "name": "WA IMPORTADOS ",
    "participants": 5,
    "description": "",
    "selected": false,
    "lastUpdated": "2025-09-14T18:49:28.962Z"
  },
  "120363344966511008@g.us": {
    "id": "120363344966511008@g.us",
    "name": "Amigos Telecom",
    "participants": 6,
    "description": "Busca de  OLT No Telegram\n\nhttps://t.me/+iVaCcUNNQyc4YmRh\n\nBusca OLT aqui\n\nhttps://meudrive.x10.mx/olt/\n\nSENHAS \n \nhttps://meudrive.x10.mx/senhas.html",
    "selected": false,
    "lastUpdated": "2025-09-14T18:49:28.962Z"
  },
  "120363227240067234@g.us": {
    "id": "120363227240067234@g.us",
    "name": "Grupo TEC 🛠️🛜",
    "participants": 8,
    "description": "Olá!  Digite   *menu* Para iniciar. \n\n📢 Grupo de Suporte Técnico!\n\nAqui você encontra:\n🔍 Busca de OLT e CTO  \n🎥 Vídeos Tutoriais  \n🗺️ Mapas de Projetos  \n🛠️ Dicas e Suporte Técnico  \n📡 Ferramentas úteis para instaladores\n\nEntre e fique por dentro das novidades! 🚀",
    "selected": false,
    "lastUpdated": "2025-09-14T18:49:28.962Z"
  },
  "120363401788701125@g.us": {
    "id": "120363401788701125@g.us",
    "name": "TUDO PARA SEU PRODUTO DIGITAL | COMPRA E VENDA",
    "participants": 39,
    "description": "Compra e Venda de Absolutamente tudo sobre Marketing Digital. \n\nVENDA DE:\n\nInfoprodutos brasileiros e gringos (e-books e video aulas) de 5 e 6 digitos (dependendo da oferta), PLR'S validados, páginas de venda prontas e editáveis, criativos anti-block editáveis, templates de copy, planilhas de excel, livros, capas de ebook entre outros faça sua pergunta.",
    "selected": false,
    "lastUpdated": "2025-09-14T18:49:28.962Z"
  },
  "558281292952-1582072453@g.us": {
    "id": "558281292952-1582072453@g.us",
    "name": "Feira da troca de  Arapiraca AL",
    "participants": 42,
    "description": "🔁 *FEIRA DA TROCA - ARAPIRACA* 🔁\n\nBem-vindo(a)! Aqui você pode trocar, vender ou doar produtos de forma simples e direta entre moradores de Arapiraca e região!  \n\n📌 Poste com:  \n✅ Foto  \n✅ Descrição  \n✅ Valor ou item para troca  \n✅ Contato\n\n🚫 Proibido:  \n❌ Correntes, spam ou links  \n❌ Ofensas ou desrespeito  \n❌ Conteúdo ilegal ou impróprio\n\n🕒 Negociação é entre as partes. Admins não se responsabilizam por vendas ou trocas.\n\n🚀 Divulgue seu grupo de WhatsApp GRÁTIS! 🚀\r\n\r\nEstamos começando agora com o site e queremos a interação de todos para fazer o site crescer e ter o máximo de grupos de WhatsApp disponíveis! 😎\r\n\r\n✅ Só precisa se cadastrar\r\n✅ Adicionar seus grupos\r\n✅ Compartilhar com todo mundo\r\n\r\n🌐 Acesse: https://gruposwhats.x10.mx/\r\n📢 Junte-se a nós e ajude a criar a maior rede de grupos de WhatsApp!\n\n📲 *Respeite todos e boas trocas!*",
    "selected": true,
    "lastUpdated": "2025-09-14T18:49:28.962Z"
  },
  "5511949356144-1620359696@g.us": {
    "id": "5511949356144-1620359696@g.us",
    "name": "AVOHÂI INTERNET FREE",
    "participants": 58,
    "description": "Avôhai internet para todos\n\nLogin: avohai\nSenha: avohai\n\nBaixe apk👇\nhttps://play.google.com/store/apps/details?id=com.avohai.vov\n\nAVOHAI ARANHA👇\nhttps://t.me/canalminerdso/7960\n\nNÃO CHAMAR NO PRIVADO PARA SUPORTE🤫",
    "selected": false,
    "lastUpdated": "2025-09-14T18:49:28.962Z"
  },
  "558296018063-1601468621@g.us": {
    "id": "558296018063-1601468621@g.us",
    "name": "Vendas Trocas Negocios 💰💳",
    "participants": 94,
    "description": "I",
    "selected": true,
    "lastUpdated": "2025-09-14T18:49:28.962Z"
  },
  "120363170349954878@g.us": {
    "id": "120363170349954878@g.us",
    "name": "Olx Arapiraca e região",
    "participants": 96,
    "description": "Divulgue seu produto\n▪︎Grupo de VENDAS em Arapiraca\n🚫Pornografia\n🚫 vírus ou correntes \n🚫Outro DDD que não seja 82 será removido\n🚫 notas Fakes, cartões em nome de terceiros\n🚫Nada de política, quem tiver seu político de estimação que mande mensagem para ele \n🚫Evite publicar algo relacionado ao Kawai \n🚫Evite discursões principalmente com os ADM 🤨\nÓtima vendas a todos ✅",
    "selected": true,
    "lastUpdated": "2025-09-14T18:49:28.962Z"
  },
  "557996073275-1467062772@g.us": {
    "id": "557996073275-1467062772@g.us",
    "name": "💰👚👜VENDAS ARACAJU-SE💰👗👓",
    "participants": 100,
    "description": "",
    "selected": false,
    "lastUpdated": "2025-09-14T18:49:28.962Z"
  },
  "120363098487370898@g.us": {
    "id": "120363098487370898@g.us",
    "name": "Compras / vendas AL 🛒",
    "participants": 170,
    "description": "GRUPO DE COMPRAS E VENDAS \n📍Maceió, Arapiraca e região !\n\n✅ TODOS PODEM POSTAR O QUE QUEREM VENDER !",
    "selected": true,
    "lastUpdated": "2025-09-14T18:49:28.962Z"
  },
  "5511949775261-1509030426@g.us": {
    "id": "5511949775261-1509030426@g.us",
    "name": "👟♻📲⌚ trocas em geral",
    "participants": 176,
    "description": "",
    "selected": false,
    "lastUpdated": "2025-09-14T18:49:28.962Z"
  },
  "558298234649-1550838801@g.us": {
    "id": "558298234649-1550838801@g.us",
    "name": "VENDAS ARAPIRACA E REGIÃO",
    "participants": 201,
    "description": "Grupo relacionado só pra vendas e compras🤝🏻\n🚨ATENÇÃO REGRAS DO GRUPO🚨\n✔Colocar valores em todas as vendas\n✔Proibido correntes, videos e demais que não seja relacionado ao grupo de vendas e compras\n✔Qualquer tipo de GOLPE comunicar o Administrador que removemos\n❌BOAS VENDAS E COMPRAS\nLINK DO GRUPO DISPONÍVEL https://chat.whatsapp.com/DNT5iox3CXYKsnY5xDnRue",
    "selected": false,
    "lastUpdated": "2025-09-14T18:49:28.962Z"
  },
  "120363211134287944@g.us": {
    "id": "120363211134287944@g.us",
    "name": "Achei na SHOPEE 🤑🔥",
    "participants": 225,
    "description": "Promoções diárias na Shopee\n° Compra garantida pelo app\n° Ofertas especiais\n° Link do grupo 👉🏻 https://chat.whatsapp.com/LoEcHqb12pD8SKdJED0KOa",
    "selected": false,
    "lastUpdated": "2025-09-14T18:49:28.962Z"
  },
  "120363298352961453@g.us": {
    "id": "120363298352961453@g.us",
    "name": "ARAPIRACA COMPRA E VENDA",
    "participants": 233,
    "description": "L2o,",
    "selected": true,
    "lastUpdated": "2025-09-14T18:49:28.962Z"
  },
  "558291942521-1548865861@g.us": {
    "id": "558291942521-1548865861@g.us",
    "name": "Compra e venda Arapiraca",
    "participants": 264,
    "description": "",
    "selected": true,
    "lastUpdated": "2025-09-13T11:12:45.123Z"
  },
  "558281625766-1526906709@g.us": {
    "id": "558281625766-1526906709@g.us",
    "name": "Vendas e trocas Arapiraca",
    "participants": 293,
    "description": "Proibido postagem de jogos de azar",
    "selected": true,
    "lastUpdated": "2025-09-14T18:49:28.962Z"
  },
  "120363161595421957@g.us": {
    "id": "120363161595421957@g.us",
    "name": "NEGÓCIOS ARAPIRACA ",
    "participants": 306,
    "description": "",
    "selected": true,
    "lastUpdated": "2025-09-14T18:49:28.962Z"
  },
  "120363296930078947@g.us": {
    "id": "120363296930078947@g.us",
    "name": "VENDA DE SEGUIDORES 100% CONFIÁVEL 📢🚀",
    "participants": 304,
    "description": "*🚀 AUMENTE SEUS SEGUIDORES AGORA MESMO! 🚀*\n*🔝 Sem quedas e com qualidade garantida!*\n\n*🎯 Seguidores para Instagram, Facebook, TikTok, YouTube e muito mais!*\nNão precisamos da sua senha, tudo 100% seguro e eficaz! 🙌\n\n*Nossos pacotes:*\n\n*💥100 Seguidores* – Apenas R$7\n*💥 500 Seguidores* – Só R$21\n*💥 1.000 Seguidores* – Promoção imperdível: R$33\n*💥 10.000 Seguidores* – Super promoção: R$189\n*💥 30.000 Seguidores* – Promoção especial: R$510\n\n*Pacotes de Engajamento (likes + seguidores):*\n\n*🔥 100 seguidores + 150 likes* – Só R$9\n*🔥 500 seguidores + 800 likes* – Só R$22\n*🔥 1.000 seguidores + 1.500 likes* – Apenas R$35\n\n*🎯 Temos pacotes personalizados para todos os tipos de necessidade! E também trabalhamos com visualizações.*\n\n*💬 Quer algo diferente? Preço especial? Me chama no privado!*\n👇 Clique aqui para conversar no WhatsApp!👇\n\nhttps://wa.me/5511964647572\n\n*Não perca tempo! Sua conta vai bombar!*",
    "selected": false,
    "lastUpdated": "2025-09-14T18:49:28.962Z"
  },
  "558281840757-1565795436@g.us": {
    "id": "558281840757-1565795436@g.us",
    "name": "Loteamento Jatobá",
    "participants": 378,
    "description": "Caros membros do Grupo de Whatsapp do Loteamento Jatobá,\n\n🛑 Não são permitidos no grupo imagens, vídeos, mensagens ou qualquer tipo de conteúdo que seja explicitamente pornográfico, ofensivo, discriminatório, político e Religioso ou que viole as leis em vigor. \n\n🛑Fotos e acidentes: Evitem postar fotos explícitas de acidentes, cenas fortes, ou qualquer imagem que possa ser perturbadora para os demais membros.\n\n🛑Divulgação de vagas de emprego, serviços e produtos: Encorajamos os membros a compartilhar oportunidades de emprego, serviços ou produtos relacionados ao Loteamento Jatobá. No entanto, pedimos que todas as divulgações sejam feitas de forma respeitosa, sem spam ou excesso de publicidade. \n\n🛑Respeito mútuo: O respeito é fundamental em nosso grupo. Não serão toleradas ofensas, xingamentos, bullying, assédio ou qualquer tipo de comportamento desrespeitoso. Tratar *todos os membros* com cortesia e consideração, independentemente de suas opiniões, raça, religião, origem étnica ou orientação sexual.\n\n🛑 Pedimos que as discussões e conversas no grupo sejam focadas em assuntos relacionados ao Loteamento Jatobá e aos interesses comuns dos membros. Isso inclui eventos locais, notícias relevantes, dicas úteis e informações relacionadas à comunidade. Evitem desviar do propósito do grupo.\n\n🛑 Respeitem a privacidade dos membros do grupo. Não compartilhem informações pessoais.\n\n✅ A administração do grupo reserva-se o direito de remover qualquer participante que viole repetidamente as regras estabelecidas ou que tenha um comportamento inadequado. *Caso algum membro identifique uma violação das regras, é encorajado* a _reportar aos administradores_ para que possam tomar as medidas apropriadas.\n\nAgradecemos antecipadamente a cooperação de todos para o cumprimento dessas regras. *Nossa intenção é criar um ambiente harmonioso e útil para a troca de informações e apoio mútuo entre os moradores do Loteamento Jatobá.*\n\nAtenciosamente,\n\nAdministração do Grupo de Whatsapp - Loteamento Jatobá",
    "selected": false,
    "lastUpdated": "2025-09-13T11:12:45.123Z"
  },
  "558281606970-1631314931@g.us": {
    "id": "558281606970-1631314931@g.us",
    "name": "VENDA LIGEIRO ARAPIRACA",
    "participants": 399,
    "description": "",
    "selected": true,
    "lastUpdated": "2025-09-14T18:49:28.962Z"
  },
  "558281606970-1604960530@g.us": {
    "id": "558281606970-1604960530@g.us",
    "name": "VENDA ➕ARAPIRACA💰",
    "participants": 412,
    "description": "",
    "selected": true,
    "lastUpdated": "2025-09-14T18:49:28.962Z"
  },
  "558281606970-1488882467@g.us": {
    "id": "558281606970-1488882467@g.us",
    "name": "O FEIRÃO DE ARAPIRACA👔👚",
    "participants": 518,
    "description": "Grupo de Arapiraca Alagoas. \nObjetivos: Vendas de produtos e objetos e Serviços \nNão é permitido pornografia ou coisas do tipo.",
    "selected": true,
    "lastUpdated": "2025-09-14T18:49:28.962Z"
  },
  "120363338630297936@g.us": {
    "id": "120363338630297936@g.us",
    "name": "@seguidores_oficialk.2",
    "participants": 827,
    "description": "(PODE ADICIONAR PESSOAS NO GRUPO )\n\ninstagram BR 🛍️👨‍💻🌎\n\n🚀ENTREGA RAPIDA🚀\n\nFUNCIONAMENTO 👇🏾\n\n08:00 ATE 22H:00 🔓🏪🛍️\n\n*SOMOS MAIS DE MIL VENDA ON LINE*✅\n\nSERVIÇO PRA TIKTOK, KWAII, SPOTIFY, SHOPEE\nINSTAGRAM, TWITTER, NIMO TV, TWITCH, YOUTUBE, FACEBOOK, TELEGRAM \n                 👇🏿\n👉🏿LIKES E SEGUIDORES 👈🏿\n            visualização\n                  👆🏿\n*SO EU TENHO ESSA PROMOÇÃO*\n\nPROMOÇÃO DA SEMANA!!!\n\n* TESTE GRÁTIS*🥶🔥\n*300 seguidores 2,99R$*🥶🔥\n*400 seguidores 3,99R$*🥶🔥\n*500 seguidores 4,99R$*🥶🔥\n*600 seguidores 5,99R$*🥶🔥\n*700 seguidores 6,99R$*🥶🔥\n*800 seguidores 7,99R$*🥶🔥\n*1.000 seguidores 8,99R$*🥶🔥\n*1.500 seguidores 9,99R$*🥶🔥\n*2.500 seguidores 16,99R$*🥶🔥\n*3.500 seguidores 19,99R$*🥶🔥\n*4.000 seguidores 24,99R$*🥶🔥\n*5.000 seguidores 29,99R$*🥶🔥\n*6.000 seguidores 39,99R$🥶🔥*\n*7.000 seguidores 49,99R$*🥶🔥\n*8.000 seguidores 59,99R$*🥶🔥\n*10.000 seguidores 69,99R$*🥶🔥\n*15.000 seguidores 79,99R$🥶🔥*\n\nGP#1🔒🐊\nhttps://chat.whatsapp.com/FZmyFQXvbDaCja7jGlwVu5",
    "selected": false,
    "lastUpdated": "2025-09-14T18:49:28.962Z"
  },
  "120363312518990917@g.us": {
    "id": "120363312518990917@g.us",
    "name": "VENDAS E TROCAS - Olho d’Água das Flores OFICIAL 🌵",
    "participants": 936,
    "description": "Link do grupo\n\nhttps://chat.whatsapp.com/IACHDy08Uk214Jed2k4U3a\n\n⚠️ ATENÇÃO! ⚠️\nPra manter o grupo organizado, siga essas regras básicas:\n\n✅ Preço obrigatório nas postagens\n✅ Foto real e atual do produto\n❌ Proibido qualquer link, exceto o do grupo ou que seja liberado pelo ADM\n\n🚫 Quem descumprir será removido sem aviso. \n\n💼 Boas vendas e ótimos negócios!\n\nGosta do nosso grupo de vendas? Então faça uma doação com qualquer valor!\n\nPix CPF: 096.978.564-00",
    "selected": false,
    "lastUpdated": "2025-09-14T18:49:28.962Z"
  },
  "120363418160750611@g.us": {
    "id": "120363418160750611@g.us",
    "name": "🟡🇱‌🇴‌🇯‌🇦‌ [ 𝗗𝗢 𝗘𝗠𝗣𝗥𝗘𝗘𝗡𝗗𝗘𝗗𝗢𝗥 ]",
    "participants": 987,
    "description": "🟡🇱‌🇴‌🇯‌🇦‌ [ 𝗗𝗢 𝗘𝗠𝗣𝗥𝗘𝗘𝗡𝗗𝗘𝗗𝗢𝗥 ] 👇\n❌100 𝗚𝗥𝗨𝗣𝗢𝗦 𝗟𝗜𝗕𝗘𝗥𝗔𝗗𝗢𝗦\n▫️https://divulganunciosmk.mystrikingly.com \n\n❌𝗡𝗢𝗦𝗦𝗢𝗦 𝗦𝗘𝗥𝗩𝗜𝗖̧𝗢𝗦 \n📍ᴅɪᴠᴜʟɢᴀᴄ̧ᴀ̃ᴏ \n✅ᴛʀᴀғᴇɢᴏ ᴘᴀɢᴏ\n✅ᴄᴜʀsᴏs ᴏɴʟɪɴᴇs \n✅ᴅɪsᴘᴀʀᴏs ᴇᴍ ᴍᴀssᴀ\n✅ᴍᴀᴛᴜʀᴀᴄ̧ᴀ̃ᴏ ᴅᴇ ᴄʜɪᴘ  \n✅ʟᴏᴛᴀᴍᴏs ɢʀᴜᴘᴏ\n✅ᴇxᴛʀᴀᴇᴍᴏs ʟᴇᴀᴅs\n✅conta digital\n✅ʀᴏʙᴏᴛ ᴘᴀʀᴀ ɢʀᴜᴘᴏs\n✅ғᴇʀʀᴀᴍᴇɴᴛᴀs ᴅᴇ ᴀᴜᴛᴏᴍᴀᴄ̧ᴀ̃ᴏ\n▫️Zap Suite ▫️Zap Ninja \n▫️Zap TurboMax\n✅100ᴍɪʟ ʟɪɴᴋ ᴅᴇ ɢʀᴜᴘᴏs  \n✅ᴅɪᴠᴜʟɢᴀᴅᴏʀ ᴡʜᴀᴛsᴀᴘᴘ ᴇ ғᴀᴄᴇʙᴏᴏᴋ\n🎁ɢᴀɴʜᴇ 50% ᴄᴏᴍᴏ ᴀғɪʟɪᴀᴅᴏ \n\n🟡𝗖𝗘𝗡𝗧𝗥𝗔𝗟 𝗠𝗞  \n☎️https://www.contate.me/divulganuncios-mk\n\n🍀𝗝𝗢𝗚𝗢 𝗗𝗢 𝗕𝗜𝗖𝗛𝗢 𝗩𝗔𝗟𝗘𝗡𝗗𝗢\n▫️https://chat.whatsapp.com/Li4bm9oyRrA10fyJ38Y9nU\n🕹️𝗝𝗢𝗚𝗨𝗘 𝗧𝗥𝗨𝗖𝗢 𝗢𝗡𝗟𝗜𝗡𝗘 \n- 3𝘙𝘴 𝘥𝘦 𝘣𝘰𝘯𝘶𝘴 𝘱𝘳𝘢 𝘷𝘰𝘤𝘦 𝘵𝘦𝘴𝘵𝘢𝘳 \n▫️https://cadastro.forragames.com.br/#/921070/500086894",
    "selected": false,
    "lastUpdated": "2025-09-14T18:49:28.962Z"
  },
  "120363021899427805@g.us": {
    "id": "120363021899427805@g.us",
    "name": "FEIRA DO ROLO BRASIL💵",
    "participants": 1014,
    "description": "Como crescer seu grupo de forma massiva? chama o FDK https://api.whatsapp.com/send?phone=5592994935911\n\nProibido 🚫 \n\nArmas\nDrogas\nGolpes\nPornografia \nDesrespeito\n\nLiberado✅\n\nAnúncios em geral\nLink de grupos\n\nParcerias\nFalar com FDK DIVULGAÇÕES\nhttps://api.whatsapp.com/send?phone=5592994935911",
    "selected": false,
    "lastUpdated": "2025-09-14T18:49:28.962Z"
  }
}