[
  {
    "id": "hist_1757876711253",
    "type": "auto_send",
    "message": "Disparo automatico executado: IPTV (10 sucessos, 1 falhas)",
    "relatedId": "ad_1757761895608",
    "data": {
      "success": 10,
      "failed": 1,
      "errors": [
        {
          "group": "Compra e venda Arapiraca",
          "error": "forbidden"
        }
      ]
    },
    "timestamp": "2025-09-14T19:05:11.253Z"
  },
  {
    "id": "hist_1757876911856",
    "type": "ad_created",
    "message": "Anúncio criado: Internet ",
    "relatedId": "ad_1757876911855",
    "data": null,
    "timestamp": "2025-09-14T19:08:31.856Z"
  },
  {
    "id": "hist_1757876919690",
    "type": "ad_toggled",
    "message": "Anúncio desativado: IPTV",
    "relatedId": "ad_1757761895608",
    "data": null,
    "timestamp": "2025-09-14T19:08:39.690Z"
  },
  {
    "id": "hist_1757876923121",
    "type": "ad_deleted",
    "message": "Anúncio deletado: IPTV",
    "relatedId": "ad_1757761895608",
    "data": null,
    "timestamp": "2025-09-14T19:08:43.121Z"
  },
  {
    "id": "hist_1757877271429",
    "type": "manual_send",
    "message": "Envio manual do anúncio: Internet ",
    "relatedId": "ad_1757876911855",
    "data": {
      "success": 10,
      "failed": 1,
      "errors": [
        {
          "group": "Compra e venda Arapiraca",
          "error": "forbidden"
        }
      ]
    },
    "timestamp": "2025-09-14T19:14:31.429Z"
  },
  {
    "id": "hist_1757877705093",
    "type": "ad_created",
    "message": "Anúncio criado: IP TV ",
    "relatedId": "ad_1757877705091",
    "data": null,
    "timestamp": "2025-09-14T19:21:45.093Z"
  },
  {
    "id": "hist_1757878050498",
    "type": "manual_send",
    "message": "Envio manual do anúncio: IP TV ",
    "relatedId": "ad_1757877705091",
    "data": {
      "success": 10,
      "failed": 1,
      "errors": [
        {
          "group": "Compra e venda Arapiraca",
          "error": "forbidden"
        }
      ]
    },
    "timestamp": "2025-09-14T19:27:30.498Z"
  },
  {
    "id": "hist_1757878189296",
    "type": "manual_send",
    "message": "Envio manual do anúncio: IP TV ",
    "relatedId": "ad_1757877705091",
    "data": {
      "success": 10,
      "failed": 1,
      "errors": [
        {
          "group": "Compra e venda Arapiraca",
          "error": "forbidden"
        }
      ]
    },
    "timestamp": "2025-09-14T19:29:49.296Z"
  },
  {
    "id": "hist_1757878388999",
    "type": "auto_send",
    "message": "Disparo automatico executado: IP TV  (10 sucessos, 1 falhas)",
    "relatedId": "ad_1757877705091",
    "data": {
      "success": 10,
      "failed": 1,
      "errors": [
        {
          "group": "Compra e venda Arapiraca",
          "error": "forbidden"
        }
      ]
    },
    "timestamp": "2025-09-14T19:33:08.999Z"
  },
  {
    "id": "hist_1757880303069",
    "type": "auto_send",
    "message": "Disparo automatico executado: IP TV  (10 sucessos, 1 falhas)",
    "relatedId": "ad_1757877705091",
    "data": {
      "success": 10,
      "failed": 1,
      "errors": [
        {
          "group": "Compra e venda Arapiraca",
          "error": "forbidden"
        }
      ]
    },
    "timestamp": "2025-09-14T20:05:03.069Z"
  },
  {
    "id": "hist_1757883947253",
    "type": "auto_send",
    "message": "Disparo automatico executado: IP TV  (10 sucessos, 1 falhas)",
    "relatedId": "ad_1757877705091",
    "data": {
      "success": 10,
      "failed": 1,
      "errors": [
        {
          "group": "Compra e venda Arapiraca",
          "error": "forbidden"
        }
      ]
    },
    "timestamp": "2025-09-14T21:05:47.253Z"
  },
  {
    "id": "hist_1757887183496",
    "type": "ad_toggled",
    "message": "Anúncio desativado: IP TV ",
    "relatedId": "ad_1757877705091",
    "data": null,
    "timestamp": "2025-09-14T21:59:43.496Z"
  },
  {
    "id": "hist_1757887516328",
    "type": "auto_send",
    "message": "Disparo automatico executado: Internet  (10 sucessos, 1 falhas)",
    "relatedId": "ad_1757876911855",
    "data": {
      "success": 10,
      "failed": 1,
      "errors": [
        {
          "group": "Compra e venda Arapiraca",
          "error": "forbidden"
        }
      ]
    },
    "timestamp": "2025-09-14T22:05:16.328Z"
  },
  {
    "id": "hist_1757891117065",
    "type": "auto_send",
    "message": "Disparo automatico executado: Internet  (10 sucessos, 1 falhas)",
    "relatedId": "ad_1757876911855",
    "data": {
      "success": 10,
      "failed": 1,
      "errors": [
        {
          "group": "Compra e venda Arapiraca",
          "error": "forbidden"
        }
      ]
    },
    "timestamp": "2025-09-14T23:05:17.065Z"
  },
  {
    "id": "hist_1757894704968",
    "type": "auto_send",
    "message": "Disparo automatico executado: Internet  (10 sucessos, 1 falhas)",
    "relatedId": "ad_1757876911855",
    "data": {
      "success": 10,
      "failed": 1,
      "errors": [
        {
          "group": "Compra e venda Arapiraca",
          "error": "forbidden"
        }
      ]
    },
    "timestamp": "2025-09-15T00:05:04.968Z"
  },
  {
    "id": "hist_1757898318373",
    "type": "auto_send",
    "message": "Disparo automatico executado: Internet  (10 sucessos, 1 falhas)",
    "relatedId": "ad_1757876911855",
    "data": {
      "success": 10,
      "failed": 1,
      "errors": [
        {
          "group": "Compra e venda Arapiraca",
          "error": "forbidden"
        }
      ]
    },
    "timestamp": "2025-09-15T01:05:18.373Z"
  },
  {
    "id": "hist_1757901936309",
    "type": "auto_send",
    "message": "Disparo automatico executado: Internet  (10 sucessos, 1 falhas)",
    "relatedId": "ad_1757876911855",
    "data": {
      "success": 10,
      "failed": 1,
      "errors": [
        {
          "group": "Compra e venda Arapiraca",
          "error": "forbidden"
        }
      ]
    },
    "timestamp": "2025-09-15T02:05:36.309Z"
  },
  {
    "id": "hist_1757902894745",
    "type": "ad_toggled",
    "message": "Anúncio desativado: Internet ",
    "relatedId": "ad_1757876911855",
    "data": null,
    "timestamp": "2025-09-15T02:21:34.745Z"
  },
  {
    "id": "hist_1757902966512",
    "type": "ad_toggled",
    "message": "Anúncio ativado: IP TV ",
    "relatedId": "ad_1757877705091",
    "data": null,
    "timestamp": "2025-09-15T02:22:46.512Z"
  }
]