{
  "schedule_1757728515832": {
    "id": "schedule_1757728515832",
    "name": "Teste de texto",
    "adId": "ad_1757728487803",
    "days": [
      "friday",
      "saturday"
    ],
    "time": "22:58",
    "isActive": true,
    "createdAt": "2025-09-13T01:55:15.832Z",
    "lastRun": null,
    "nextRun": "2025-09-13T22:58:00.000Z"
  },
  "schedule_1757731187794": {
    "id": "schedule_1757731187794",
    "name": "Promoção iptv",
    "adId": "ad_1757731137386",
    "days": [
      "monday",
      "tuesday",
      "wednesday",
      "thursday",
      "friday",
      "saturday",
      "sunday"
    ],
    "time": "23:45",
    "isActive": true,
    "createdAt": "2025-09-13T02:39:47.794Z",
    "lastRun": null,
    "nextRun": "2025-09-13T23:45:00.000Z"
  }
}